domain,company_name,first_name,email,status,last_contacted,notes
krafttool.com,Kraft Tool Co.,Steve,sales@krafttool.com,SENT,2026-08-31 02:49:08,Commercial concrete and masonry hand tools manufacturer
seymourmidwest.com,Seymour Midwest,Brad,contactus@seymourmidwest.com,SENT,2026-08-31 02:49:55,Specialty and long-handle landscaping tool manufacturer
nuplatools.com,Nupla Tools,Michael,sales@nuplatools.com,SENT,2026-08-31 02:50:42,Industrial non-conductive and fiberglass shovel manufacturer
bontool.com,Bon Tool Co.,John,sales@bontool.com,SENT,2026-08-31 02:51:29,Construction and masonry professional tool manufacturer
toughbuilt.com,ToughBuilt Industries,Michael,support@toughbuilt.com,SENT,2026-08-31 02:52:17,Innovative jobsite tool and gear brand
radiusgarden.com,Radius Garden,Bruce,contact@radiusgarden.com,SENT,2026-08-31 02:53:04,Ergonomic digging and gardening shovel brand
garrettwade.com,Garrett Wade,Craig,mail@garrettwade.com,SENT,2026-08-31 02:53:51,Premium woodworking and garden hand tool catalog
whitecap.com,White Cap Supply,David,customerservice@whitecap.com,SENT,2026-08-31 02:54:39,Nationwide building and concrete construction supply distributor
siteone.com,SiteOne Landscape Supply,Doug,customercare@siteone.com,SENT,2026-08-31 02:55:26,Largest wholesale landscape and turf supply distributor
